Aaron Mcneil,511549,Inactive,9504746199,Aaron_Mcneil@intuit.com
Abdul Martinez,157169,Inactive,70881042199,Abdul_Martinez@intuit.com
Amal Moses,296342,Active,10501228699,Amal_Moses@intuit.com
Amery Cooke,559456,Terminated,42441372299,Amery_Cooke@intuit.com
Ariana Davidson,413549,Active,87774382699,Ariana_Davidson@intuit.com
Ava Campos,996782,Inactive,81633538499,Ava_Campos@intuit.com
Baker Ewing,202846,Terminated,66748614999,Baker_Ewing@intuit.com
Baker Snow,337161,Active,79541533899,Baker_Snow@intuit.com
Barry Weaver,294919,Inactive,79432812699,Barry_Weaver@intuit.com
Blaine Michael,138701,Inactive,8561862699,Blaine_Michael@intuit.com
Brett Moss,247947,Inactive,51481766799,Brett_Moss@intuit.com
Britanni Rush,485863,Active,70393858699,Britanni_Rush@intuit.com
Britanni Rush,0,0,90393858699,Britanni_Rush2@intuit.com
Brody Chavez,448469,Active,57656113399,Brody_Chavez@intuit.com
Bruce Pacheco,645545,Inactive,94987665699,Bruce_Pacheco@intuit.com
Burke Gibbs,368791,Inactive,73741718999,Burke_Gibbs@intuit.com
Carissa Lyons,663250,Inactive,68807151399,Carissa_Lyons@intuit.com
Carissa Lyons,0,0,98807151399,Carissa_Lyons2@intuit.com
Casey Gilmore,820692,Terminated,73682895399,Casey_Gilmore@intuit.com
Cecilia Potter,251747,Terminated,24645527499,Cecilia_Potter@intuit.com
Cedric Bowers,711309,Terminated,44204326499,Cedric_Bowers@intuit.com
Charde Pena,330355,Inactive,81877870599,Charde_Pena@intuit.com
Chastity Cameron,388991,Inactive,18908954799,Chastity_Cameron@intuit.com
Coby Travis,245378,Inactive,14517397099,Coby_Travis@intuit.com
Cody Petersen,329022,Active,27366323899,Cody_Petersen@intuit.com
Colton Lawson,640903,Inactive,44462239799,Colton_Lawson@intuit.com
Courtney Munoz,370449,Terminated,1680162199,Courtney_Munoz@intuit.com
Cullen Vasquez,408078,Active,17527959399,Cullen_Vasquez@intuit.com
Darryl Mcmillan,231734,Active,91747399799,Darryl_Mcmillan@intuit.com
Davis Clarke,141558,Inactive,59891898299,Davis_Clarke@intuit.com
Eagan Acevedo,954524,Inactive,41460285899,Eagan_Acevedo@intuit.com
Ebony Wilder,446650,Active,47956611599,Ebony_Wilder@intuit.com
Elijah Russo,991376,Inactive,69456097799,Elijah_Russo@intuit.com
Emerald Gamble,690099,Inactive,80728306199,Emerald_Gamble@intuit.com
Emily Barton,662006,Active,47373467299,Emily_Barton@intuit.com
Frances Green,438036,Active,20594681499,Frances_Green@intuit.com
Galvin Webster,683515,Active,6200724099,Galvin_Webster@intuit.com
Garrison Nelson,943493,Active,18469528599,Garrison_Nelson@intuit.com
Gary Sears,699432,Inactive,87845333499,Gary_Sears@intuit.com
Georgia Hampton,834246,Terminated,19914673799,Georgia_Hampton@intuit.com
Germane Hoffman,463538,Active,48244055499,Germane_Hoffman@intuit.com
Gisela Kinney,351212,Terminated,20877697599,Gisela_Kinney@intuit.com
Graham Graves,582053,Active,15619343099,Graham_Graves@intuit.com
Hall Hansen,324699,Active,51350652799,Hall_Hansen@intuit.com
Hannah Hawkins,823227,Terminated,46916187899,Hannah_Hawkins@intuit.com
Hayley Haney,902474,Inactive,98685811099,Hayley_Haney@intuit.com
Hilda Wolf,458704,Inactive,46274206899,Hilda_Wolf@intuit.com
Illiana William,603462,Terminated,87903981399,Illiana_William@intuit.com
Inga Medina,507609,Inactive,62499202699,Inga_Medina@intuit.com
Jackson Le,103515,Active,24335914599,Jackson_Le@intuit.com
Jennifer Dyer,741796,Active,0,0
Jessamine Rivas,376488,Inactive,2498097099,Jessamine_Rivas@intuit.com
Jin Kane,242622,Active,24839984799,Jin_Kane@intuit.com
Judah Fitzgerald,354635,Terminated,53414122599,Judah_Fitzgerald@intuit.com
Kaden Gates,222539,Active,7200667699,Kaden_Gates@intuit.com
Kameko Mason,456436,Inactive,52293108799,Kameko_Mason@intuit.com
Katelyn Rosario,208266,Active,15381370099,Katelyn_Rosario@intuit.com
Kermit Herrera,136420,Inactive,60444512599,Kermit_Herrera@intuit.com
Kiayada Carter,414061,Inactive,43740285899,Kiayada_Carter@intuit.com
Kiona Walker,989960,Terminated,4851298499,Kiona_Walker@intuit.com
Kylynn Franks,773933,Terminated,18299408399,Kylynn_Franks@intuit.com
Leandra Williams,179663,Terminated,90856342099,Leandra_Williams@intuit.com
Lucian Jarvis,357512,Active,54244855299,Lucian_Jarvis@intuit.com
Luke Huff,512462,Terminated,42775607299,Luke_Huff@intuit.com
Lyle Perkins,953701,Inactive,84446783599,Lyle_Perkins@intuit.com
Maite Hammond,212415,Inactive,71822714999,Maite_Hammond@intuit.com
Maite Morrison,193639,Inactive,20778294899,Maite_Morrison@intuit.com
Marny Webb,625208,Active,17376178699,Marny_Webb@intuit.com
Meredith Raymond,673023,Active,31296098999,Meredith_Raymond@intuit.com
Michelle Frederick,130157,Active,47319782699,Michelle_Frederick@intuit.com
Minerva Miller,457159,Active,61801582999,Minerva_Miller@intuit.com
Moses Adkins,540551,Inactive,25923854499,Moses_Adkins@intuit.com
Neve Simmons,867105,Inactive,83978694799,Neve_Simmons@intuit.com
Nita Strong,740594,Active,45201959299,Nita_Strong@intuit.com
Noelle Sellers,461753,Terminated,58842411999,Noelle_Sellers@intuit.com
Odessa Randall,246381,Terminated,99584735399,Odessa_Randall@intuit.com
Olympia Clemons,609388,Terminated,21821601699,Olympia_Clemons@intuit.com
Olympia Kramer,154817,Active,46417674099,Olympia_Kramer@intuit.com
Ora Conway,776143,Inactive,75748793699,Ora_Conway@intuit.com
Owen Booker,940036,Terminated,86593246899,Owen_Booker@intuit.com
Rachel Contreras,247965,Terminated,53255591199,Rachel_Contreras@intuit.com
Ralph Barnes,998308,Active,19812707199,Ralph_Barnes@intuit.com
Ralph Santiago,456815,Inactive,75401591699,Ralph_Santiago@intuit.com
Reed Anthony,268388,Inactive,19814606499,Reed_Anthony@intuit.com
Rhiannon Craig,938581,Active,16919791999,Rhiannon_Craig@intuit.com
Rina Madden,974393,Terminated,5663116299,Rina_Madden@intuit.com
Risa Freeman,366256,Active,28575594499,Risa_Freeman@intuit.com
Shaine Bates,386793,Active,11973767199,Shaine_Bates@intuit.com
Shaine Sharp,981128,Terminated,89943728299,Shaine_Sharp@intuit.com
Sierra Rivers,913796,Active,56636799699,Sierra_Rivers@intuit.com
Stephen Pate,188453,Active,17727035299,Stephen_Pate@intuit.com
Summer Molina,539901,Terminated,52482285299,Summer_Molina@intuit.com
Tanisha Mcbride,336962,Terminated,29921776299,Tanisha_Mcbride@intuit.com
Teegan Zamora,643253,Active,5524984199,Teegan_Zamora@intuit.com
Timon Buckley,986245,Active,31968503599,Timon_Buckley@intuit.com
Uriel Leonard,422427,Inactive,8803943499,Uriel_Leonard@intuit.com
Uriel Rich,655986,Terminated,3237656599,Uriel_Rich@intuit.com
Veda Johns,744506,Active,72210114299,Veda_Johns@intuit.com
Veda Johns,0,0,92210114299,Veda_Johns2@intuit.com
Veronica Glass,438229,Inactive,48232668999,Veronica_Glass@intuit.com
Victor Horton,0,0,6365520199,Victor_Horton@intuit.com
Wang Bird,548696,Inactive,27209746999,Wang_Bird@intuit.com
Yoshio Norris,197184,Active,58467138299,Yoshio_Norris@intuit.com
