68807151399,Carissa_Lyons@intuit.com
6200724099,Galvin_Webster@intuit.com
90856342099,Leandra_Williams@intuit.com
6365520199,Victor_Horton@intuit.com
21821601699,Olympia_Clemons@intuit.com
17376178699,Marny_Webb@intuit.com
24335914599,Jackson_Le@intuit.com
99584735399,Odessa_Randall@intuit.com
60444512599,Kermit_Herrera@intuit.com
86593246899,Owen_Booker@intuit.com
19914673799,Georgia_Hampton@intuit.com
46274206899,Hilda_Wolf@intuit.com
70881042199,Abdul_Martinez@intuit.com
51350652799,Hall_Hansen@intuit.com
43740285899,Kiayada_Carter@intuit.com
75401591699,Ralph_Santiago@intuit.com
84446783599,Lyle_Perkins@intuit.com
8803943499,Uriel_Leonard@intuit.com
10501228699,Amal_Moses@intuit.com
81633538499,Ava_Campos@intuit.com
73682895399,Casey_Gilmore@intuit.com
79541533899,Baker_Snow@intuit.com
20778294899,Maite_Morrison@intuit.com
24645527499,Cecilia_Potter@intuit.com
17527959399,Cullen_Vasquez@intuit.com
94987665699,Bruce_Pacheco@intuit.com
18469528599,Garrison_Nelson@intuit.com
15619343099,Graham_Graves@intuit.com
20877697599,Gisela_Kinney@intuit.com
53255591199,Rachel_Contreras@intuit.com
42775607299,Luke_Huff@intuit.com
80728306199,Emerald_Gamble@intuit.com
46417674099,Olympia_Kramer@intuit.com
18299408399,Kylynn_Franks@intuit.com
52293108799,Kameko_Mason@intuit.com
89943728299,Shaine_Sharp@intuit.com
47373467299,Emily_Barton@intuit.com
14517397099,Coby_Travis@intuit.com
9504746199,Aaron_Mcneil@intuit.com
4851298499,Kiona_Walker@intuit.com
66748614999,Baker_Ewing@intuit.com
54244855299,Lucian_Jarvis@intuit.com
79432812699,Barry_Weaver@intuit.com
16919791999,Rhiannon_Craig@intuit.com
17727035299,Stephen_Pate@intuit.com
87774382699,Ariana_Davidson@intuit.com
51481766799,Brett_Moss@intuit.com
91747399799,Darryl_Mcmillan@intuit.com
18908954799,Chastity_Cameron@intuit.com
73741718999,Burke_Gibbs@intuit.com
53414122599,Judah_Fitzgerald@intuit.com
7200667699,Kaden_Gates@intuit.com
47956611599,Ebony_Wilder@intuit.com
58842411999,Noelle_Sellers@intuit.com
1680162199,Courtney_Munoz@intuit.com
59891898299,Davis_Clarke@intuit.com
8561862699,Blaine_Michael@intuit.com
71822714999,Maite_Hammond@intuit.com
81877870599,Charde_Pena@intuit.com
24839984799,Jin_Kane@intuit.com
29921776299,Tanisha_Mcbride@intuit.com
45201959299,Nita_Strong@intuit.com
41460285899,Eagan_Acevedo@intuit.com
83978694799,Neve_Simmons@intuit.com
47319782699,Michelle_Frederick@intuit.com
25923854499,Moses_Adkins@intuit.com
75748793699,Ora_Conway@intuit.com
52482285299,Summer_Molina@intuit.com
62499202699,Inga_Medina@intuit.com
19814606499,Reed_Anthony@intuit.com
11973767199,Shaine_Bates@intuit.com
5663116299,Rina_Madden@intuit.com
48232668999,Veronica_Glass@intuit.com
27209746999,Wang_Bird@intuit.com
19812707199,Ralph_Barnes@intuit.com
31968503599,Timon_Buckley@intuit.com
5524984199,Teegan_Zamora@intuit.com
72210114299,Veda_Johns@intuit.com
48244055499,Germane_Hoffman@intuit.com
15381370099,Katelyn_Rosario@intuit.com
87845333499,Gary_Sears@intuit.com
42441372299,Amery_Cooke@intuit.com
70393858699,Britanni_Rush@intuit.com
98685811099,Hayley_Haney@intuit.com
69456097799,Elijah_Russo@intuit.com
44204326499,Cedric_Bowers@intuit.com
27366323899,Cody_Petersen@intuit.com
2498097099,Jessamine_Rivas@intuit.com
3237656599,Uriel_Rich@intuit.com
44462239799,Colton_Lawson@intuit.com
20594681499,Frances_Green@intuit.com
31296098999,Meredith_Raymond@intuit.com
46916187899,Hannah_Hawkins@intuit.com
87903981399,Illiana_William@intuit.com
61801582999,Minerva_Miller@intuit.com
28575594499,Risa_Freeman@intuit.com
56636799699,Sierra_Rivers@intuit.com
58467138299,Yoshio_Norris@intuit.com
57656113399,Brody_Chavez@intuit.com
98807151399,Carissa_Lyons2@intuit.com
90393858699,Britanni_Rush2@intuit.com
92210114299,Veda_Johns2@intuit.com
