663250,Carissa Lyons,Inactive
683515,Galvin Webster,Active
179663,Leandra Williams,Terminated
609388,Olympia Clemons,Terminated
625208,Marny Webb,Active
103515,Jackson Le,Active
246381,Odessa Randall,Terminated
136420,Kermit Herrera,Inactive
940036,Owen Booker,Terminated
834246,Georgia Hampton,Terminated
458704,Hilda Wolf,Inactive
157169,Abdul Martinez,Inactive
324699,Hall Hansen,Active
414061,Kiayada Carter,Inactive
456815,Ralph Santiago,Inactive
953701,Lyle Perkins,Inactive
422427,Uriel Leonard,Inactive
296342,Amal Moses,Active
996782,Ava Campos,Inactive
820692,Casey Gilmore,Terminated
337161,Baker Snow,Active
193639,Maite Morrison,Inactive
251747,Cecilia Potter,Terminated
408078,Cullen Vasquez,Active
645545,Bruce Pacheco,Inactive
943493,Garrison Nelson,Active
582053,Graham Graves,Active
351212,Gisela Kinney,Terminated
247965,Rachel Contreras,Terminated
512462,Luke Huff,Terminated
690099,Emerald Gamble,Inactive
154817,Olympia Kramer,Active
773933,Kylynn Franks,Terminated
456436,Kameko Mason,Inactive
981128,Shaine Sharp,Terminated
662006,Emily Barton,Active
245378,Coby Travis,Inactive
511549,Aaron Mcneil,Inactive
989960,Kiona Walker,Terminated
202846,Baker Ewing,Terminated
357512,Lucian Jarvis,Active
294919,Barry Weaver,Inactive
938581,Rhiannon Craig,Active
188453,Stephen Pate,Active
413549,Ariana Davidson,Active
247947,Brett Moss,Inactive
231734,Darryl Mcmillan,Active
388991,Chastity Cameron,Inactive
368791,Burke Gibbs,Inactive
354635,Judah Fitzgerald,Terminated
222539,Kaden Gates,Active
446650,Ebony Wilder,Active
461753,Noelle Sellers,Terminated
370449,Courtney Munoz,Terminated
141558,Davis Clarke,Inactive
138701,Blaine Michael,Inactive
212415,Maite Hammond,Inactive
330355,Charde Pena,Inactive
242622,Jin Kane,Active
336962,Tanisha Mcbride,Terminated
740594,Nita Strong,Active
954524,Eagan Acevedo,Inactive
867105,Neve Simmons,Inactive
130157,Michelle Frederick,Active
540551,Moses Adkins,Inactive
776143,Ora Conway,Inactive
539901,Summer Molina,Terminated
507609,Inga Medina,Inactive
268388,Reed Anthony,Inactive
386793,Shaine Bates,Active
974393,Rina Madden,Terminated
438229,Veronica Glass,Inactive
548696,Wang Bird,Inactive
998308,Ralph Barnes,Active
986245,Timon Buckley,Active
643253,Teegan Zamora,Active
744506,Veda Johns,Active
463538,Germane Hoffman,Active
208266,Katelyn Rosario,Active
699432,Gary Sears,Inactive
559456,Amery Cooke,Terminated
485863,Britanni Rush,Active
902474,Hayley Haney,Inactive
991376,Elijah Russo,Inactive
711309,Cedric Bowers,Terminated
329022,Cody Petersen,Active
376488,Jessamine Rivas,Inactive
655986,Uriel Rich,Terminated
640903,Colton Lawson,Inactive
438036,Frances Green,Active
673023,Meredith Raymond,Active
823227,Hannah Hawkins,Terminated
603462,Illiana William,Terminated
457159,Minerva Miller,Active
366256,Risa Freeman,Active
913796,Sierra Rivers,Active
197184,Yoshio Norris,Active
448469,Brody Chavez,Active
741796,Jennifer Dyer,Active
640903,Baker Snow,Active
902474,Frances Green,Active
197184,Yoshio Norris,Active
